<?xml version="1.0" encoding="UTF-8"?>
<rss version="2.0" xmlns:ror="http://rorweb.com/0.1/" >
<channel>
  <title>ROR Sitemap for https://dev.itas.ca/~milad.fotoohnejad/ITAS_191/FinalProject/index.html</title>
  <link>https://dev.itas.ca/~milad.fotoohnejad/ITAS_191/FinalProject/index.html</link>

<item>
     <link>https://dev.itas.ca/~milad.fotoohnejad/ITAS_191/FinalProject/index.html</link>
     <title>Document</title>
     <description>Document</description>
     <ror:updatePeriod></ror:updatePeriod>
     <ror:sortOrder>0</ror:sortOrder>
     <ror:resourceOf>sitemap</ror:resourceOf>
</item>
<item>
     <link>https://dev.itas.ca/~milad.fotoohnejad/ITAS_191/FinalProject/information.html</link>
     <title>Document</title>
     <description>Document</description>
     <ror:updatePeriod></ror:updatePeriod>
     <ror:sortOrder>1</ror:sortOrder>
     <ror:resourceOf>sitemap</ror:resourceOf>
</item>
<item>
     <link>https://dev.itas.ca/~milad.fotoohnejad/ITAS_191/FinalProject/contactus.html</link>
     <title>Document</title>
     <description>Document</description>
     <ror:updatePeriod></ror:updatePeriod>
     <ror:sortOrder>1</ror:sortOrder>
     <ror:resourceOf>sitemap</ror:resourceOf>
</item>
<item>
     <link>https://dev.itas.ca/~milad.fotoohnejad/ITAS_191/FinalProject/Canon.html</link>
     <title>Document</title>
     <description>Document</description>
     <ror:updatePeriod></ror:updatePeriod>
     <ror:sortOrder>1</ror:sortOrder>
     <ror:resourceOf>sitemap</ror:resourceOf>
</item>
<item>
     <link>https://dev.itas.ca/~milad.fotoohnejad/ITAS_191/FinalProject/Nikon.html</link>
     <title>Document</title>
     <description>Document</description>
     <ror:updatePeriod></ror:updatePeriod>
     <ror:sortOrder>1</ror:sortOrder>
     <ror:resourceOf>sitemap</ror:resourceOf>
</item>
<item>
     <link>https://dev.itas.ca/~milad.fotoohnejad/ITAS_191/FinalProject/Sony.html</link>
     <title>Document</title>
     <description>Document</description>
     <ror:updatePeriod></ror:updatePeriod>
     <ror:sortOrder>1</ror:sortOrder>
     <ror:resourceOf>sitemap</ror:resourceOf>
</item>
</channel>
</rss>
  